date,0,1,2,3,4,5,6,7,8,9,10,11,12,13,14,15,16,17,18,19,20,21,22,23
1/1/18,68.23,68.84,68.35,67.74,68.75,69.74,78.46,57.86,50.37,49.47,50.41,51.97,50.93,51.5,52.47,52.41,52,51.94,59.9,70.74,70.22,70.31,69.33,68.31
2/1/18,66.38,66.26,66.23,66.72,65.74,66.74,81.65,109.35,110.25,115.19,119.79,121.23,119.32,114.17,120.6,122.37,118.24,111.18,102.62,103.99,100.87,86.15,70.78,68.3
3/1/18,68.29,65.63,67.18,66.69,67.16,67.71,82.06,91.97,91.19,99.66,109.75,116.09,117.41,110.69,117.62,121.18,113.66,105.66,98.69,103.9,101.47,87.63,71.71,70.19
4/1/18,69.29,67.22,68.15,68.28,68.28,69.69,82.37,96.44,91.66,99.65,109.28,114.44,112.63,108.25,118.62,119.22,116.13,110.69,102.09,104.91,101.5,89.25,74.87,73.9
5/1/18,72.39,71.27,71.82,71.31,71.81,72.78,84.94,95.5,89.93,97.07,104.5,106.5,110.59,105.5,115.5,114.5,113.54,104.99,100.78,103.79,101.37,89.72,75.38,72.22
6/1/18,73.37,72.28,71.25,71.78,72.25,72.72,80.16,71.4,79.91,77.97,80.37,84.41,82.41,83.87,82.97,82.41,80.93,78.38,65.09,76.81,75.28,75.85,74.91,72.84
7/1/18,73.84,71.37,71.28,71.83,71.81,72.78,76.56,57.46,50.44,52.41,51.9,51.88,53.9,52.97,54.38,52.93,53.91,53.47,62.06,74.31,75.86,76.31,74.37,72.87
8/1/18,72.34,70.72,71.85,72.41,71.81,72.25,88,112.03,110.5,109.91,118.94,121.03,121.46,117.47,125.41,124.03,121.93,115.47,104.67,107.77,105.26,91.18,75.85,74.87
9/1/18,72.25,72.28,73.32,72.34,71.81,73.72,87.5,97.09,104.04,120.81,128.19,116.55,122.66,129.85,143.44,133.71,126.69,118.25,107.22,109.84,106.35,92.69,79.46,77.29
10/1/18,74.78,75.4,74.84,74.38,75.28,76.79,88.9,96.03,98.97,106.47,114.03,116.5,118.53,116.04,127.06,126.46,123.07,112.5,105.15,109.94,107.87,93.16,79.4,76.86
11/1/18,75.9,76.99,76.04,75.37,74.87,75.26,88.47,93.53,94.06,102.5,108,109.5,109.07,106.49,114.03,116.01,114.56,106.06,101.25,107.44,101.44,87.69,75.43,75.44
12/1/18,72.44,73.46,72.44,74,72.51,72.81,88.15,87.66,89.56,98.5,111.19,116.72,114.08,110.54,119.56,121.54,118.53,104.52,99.23,101.34,100.97,85.12,72.5,71.91
13/1/18,71.47,70.46,70.51,70.93,71.07,71.99,77.82,67,69.41,68.94,72.9,76.88,76.97,76.97,78.9,78.97,78.94,75.44,66.11,79.48,78.4,75.91,73.97,71.94
14/1/18,70.93,69.34,69.98,70.43,71.1,70.9,73.81,56.04,47.9,48.47,50.38,52.94,53.4,52.88,53.47,53.87,55.97,55.44,62.62,75.28,76.34,75.94,75.41,74.99
15/1/18,71.39,69.75,70.37,69.87,70.97,71.38,85.68,92.04,96.12,127.28,140.88,146.37,148.51,150.3,155.22,159.47,145.63,129.46,122.41,120.03,114.54,95.68,77.47,74.84
16/1/18,72.78,72.28,71.82,72.44,72.4,72.75,86.5,108.47,110.6,139.71,157.84,161.66,160.29,156.5,162.05,163.63,150.6,146.5,131.28,132.93,125.66,107.91,81.35,74.31
17/1/18,73.9,71.72,71.88,71.84,71.31,72.25,87,99.03,99.56,124.53,140.44,149.6,157.3,153.51,162.47,165.22,154.03,149.06,129.03,128.32,121.86,100.1,79.28,74.78
18/1/18,71.85,71.35,71.46,71.87,70.95,71.84,87.03,106.75,113.03,138.53,152.03,162.44,171.12,168.32,171.25,169.06,163.65,154.44,156.69,158.5,123.79,98.81,78.02,74.88
19/1/18,72.38,71.4,70.75,70.78,70.85,71.25,86.56,100.35,100.68,131.44,151.5,154.82,151.36,151.35,169.81,165.1,155.78,139.71,125.73,116.62,114.22,95.44,76.77,74.23
20/1/18,71.65,71.69,71.16,71.15,71.69,72.62,80.54,74.24,84.29,80.78,83.25,84.22,87.78,89.25,92.31,88.31,87.28,83.25,64.57,77.62,81.23,80.65,78.69,77.31
21/1/18,73.68,73.67,71.15,72.28,71.72,73.12,76.04,57.21,50.35,50.78,52.81,54.25,56.31,57.82,59.37,57.97,56.69,55.94,65.56,76.09,75.62,74.6,74.65,72.72
22/1/18,72.12,71.2,71.09,71.19,71.15,71.6,85.21,119.91,136.35,166.15,174.44,173.5,176.56,176.66,179.68,182.91,172.78,165.47,148.88,136.37,127.54,102.62,80.28,77.31
23/1/18,75.23,74.17,73.75,74.72,73.78,75.19,87.85,130.28,141.41,162.87,168.6,175.65,174.34,171.07,177.03,178.29,165.05,155.5,138.97,131.81,121.91,101.1,80.84,77.19
24/1/18,73.4,74.31,75.32,74.34,74.84,76.22,87.32,105.4,107.6,128.97,146.84,152.21,162.6,158.5,165.44,168.38,160.96,150,131.88,132.91,122.55,103.79,80.97,76.75
25/1/18,75.81,74.84,74.41,74.72,73.28,74.72,86.47,106.3,117.35,142.47,152.91,164.31,169.25,165,165.97,159.22,152.06,152.4,156.29,150.25,133.56,110.85,83.84,76.21
26/1/18,75.85,73.84,74.76,73.84,75.34,74.78,86.75,101.82,99.47,129.99,151.03,154.29,146.97,149.31,166.93,163.63,154.69,145.22,109.87,115.84,108.41,93.25,77.69,75.28
27/1/18,73.25,72.75,72.87,73.26,72.75,73.25,81.18,73.57,77.4,87.69,91,84.59,82,89.75,84.5,84.07,85.87,84.41,67.24,80.69,77.69,76.75,78.35,75.31
28/1/18,73.75,73.75,72.9,74.34,73.36,75.4,78.65,60.22,50.37,51.94,52.88,55.4,55.41,55.87,55.94,55.91,55.37,52.91,63.41,72.25,74.75,73.41,72.77,71.29
29/1/18,70.31,69.32,70.43,68.91,69.4,70.35,84.94,115.77,120.16,151.22,165.25,171.62,171.91,176.22,180.41,182.02,183.44,167.32,129.72,127.77,122.26,99.13,78.37,71.22
30/1/18,72.22,70.87,71.78,71.22,70.81,71.22,85.32,120.15,136.97,166.31,172.22,179.5,182.53,177.06,178.16,182.28,178.22,166.22,146.09,144.16,134.38,110.18,77.38,73.81
31/1/18,72.75,71.5,71.71,72.7,71.62,73.13,83.62,111.31,111.57,140.65,165.06,175.38,175.37,173.6,183.06,191.06,186.28,163.79,135.65,129.25,120.16,99.47,77.12,74.19
1/2/18,72.12,73.19,72.69,72.31,73.19,71.75,86.19,110.5,113.84,139.97,158.41,171.97,174.5,174.24,173.31,172.6,168.07,163.99,161.94,159.07,138.05,111.07,78.71,75.75
2/2/18,72.25,70.1,70.15,70.13,69.59,69.63,81.75,106.85,106.99,137.35,164.22,168.25,154.43,152.47,168.13,162.06,151.29,140.61,113.85,115.56,112.57,97.84,75.72,72.18
3/2/18,70.78,69.13,70.16,70.21,70.28,70.67,78.06,70.25,81.25,84.15,87.72,88.72,87.66,88.22,88.43,85.57,87.53,88.18,68.79,77.21,77.19,74.75,74.25,72.28
4/2/18,68.69,69.85,69.28,69.25,67.71,69.69,73.63,55.19,49.72,52.18,54.72,56.22,58.69,59.75,60.22,60.25,60.62,58.66,61.78,74.12,74.65,73.66,71.63,70.22
5/2/18,69.78,68.62,68.13,68.66,67.65,68.6,82.3,118.41,132.79,159.05,176.69,173.44,177.13,178.53,177.43,174.54,175.72,167.97,149.74,151,137.35,113.43,79.35,75.16
6/2/18,73.12,72.25,72.78,71.69,72.81,73.69,85.31,122.88,131.03,156.84,164.72,172.41,173.13,171.14,168.01,166.78,162.5,152,140.5,137.19,121.09,100.34,75.25,72.69
7/2/18,70.19,69.75,69.6,68.18,69.19,69.53,83.37,101.41,104.82,130.71,150.44,158.69,167.5,161.94,177.77,177.19,163.79,145.4,124.97,121.78,118.84,98.63,76.25,71.22
8/2/18,69.53,68.56,68.13,68.68,67.69,69,81.22,101.82,110.96,136.28,157.79,168.5,172.18,169.59,166.19,169.41,167.15,160.75,152.82,145.53,116,96.5,75.13,72.12
9/2/18,70.6,68.09,68.13,69.59,68.66,70.09,81.21,102.57,99.81,136.53,149.9,153.35,148,143.66,156.49,153.38,143.91,133.56,110.22,112.22,107.78,91.03,71.69,69.63
10/2/18,66.52,67.63,66.56,66.59,66.13,67.09,76.47,69.72,83.03,101.72,104.72,104.63,91.56,83.62,84.79,85.59,86.75,82.16,65.24,74.47,74.04,72.62,71.12,67.63
11/2/18,67.68,67.13,66.13,66.1,66.68,67.6,71.49,53.16,47.18,48.22,52.16,53.72,54.19,53.68,56.1,56.72,56.15,55.22,60.22,72.5,72.53,71.01,70.62,66.59
12/2/18,67.6,66.65,66.1,66.12,65.6,66.53,78.62,113.35,118.19,149.8,168.1,170.87,165.41,170.47,172.62,173.19,174.44,163.28,139.71,140.26,133.81,111.03,76.62,71.1
13/2/18,70.03,68.5,68.13,68.59,66.56,68.54,79.12,123.15,130.01,157.06,163.96,172.53,170.94,164.98,168.62,165.09,162.41,153.59,137.29,133.9,113.72,96.53,73.12,69.1
14/2/18,67.09,66.63,68.25,67.06,66.07,66.5,80.18,109.38,115.69,137.87,153.5,164.12,172.32,166.47,178.65,179.84,168.51,151.53,125.27,127.63,121.63,102.94,74.65,70.13
15/2/18,69.12,66.66,66.12,67.66,67.62,67.19,79.69,107.85,107.11,129.07,140.66,150.03,154.12,147.72,140.38,127.75,119.37,97.81,92.88,104.31,102.78,86.09,70.76,68.06
16/2/18,68.66,66.59,67.16,65.59,66.03,67.59,76.56,58.38,52.22,53.25,53.65,54.75,54.22,52.66,51.72,53.18,52.72,51.22,59.19,70.03,70.59,68.54,68.59,66.53
17/2/18,66.13,65.68,65.66,64.1,64.53,66.03,74.43,54.19,49.72,48.69,50.65,51.75,53.13,52.72,54.59,54.53,56.22,54.12,60.28,72.97,73.1,71.56,71.62,67.6
18/2/18,66.54,66.62,66.13,65.56,66.15,66.07,71.46,52.75,45.66,49.25,49.12,54.22,53.19,54.22,52.5,53.25,53.06,55.16,60.21,69.5,70.07,69.62,67.5,68.13
19/2/18,65.59,64.07,65.65,65.13,64.56,65.56,79.19,125.56,138.53,160,179.69,183.57,180.12,180.65,180.76,183.44,183.08,165.32,147.84,150.13,140.99,113.01,73.4,69.56
20/2/18,69.16,67.56,67.57,67.63,67.59,68.59,81.62,125.29,141.84,169.94,172.87,180.28,176.94,174.97,180.34,185.16,175.69,159.06,138.13,134.81,129.56,108.85,82.93,73.19
21/2/18,70.59,68.97,69.63,68.53,68.97,70.03,82.72,111.12,105.53,126.32,150.72,154.08,174.26,165.94,175,175.5,173.46,167,143.04,123.65,116.19,97.44,77.74,74.66
22/2/18,71.03,71.59,70.57,70.09,70.09,70.63,83.63,115.88,122.56,142.81,166.93,176.88,175.97,175.15,168,175.19,167.63,162.56,161.47,160.97,141.09,119.03,82.06,77.16
23/2/18,73.09,71.57,70.62,72.1,71.59,71.5,84.22,124.75,133.25,147.38,160.8,164,156.91,157.1,167.06,168.37,166.6,152.18,127.98,119.27,108.82,94.06,75.19,72.72
24/2/18,70.68,67.59,68.28,67.22,67.13,69.75,83.41,95.25,99.1,99.56,101.47,102.15,103.32,106.06,87.09,89.72,88.06,84.07,65.37,77.22,75.78,74.22,73.81,70.65
25/2/18,69.66,65.59,65.66,64.72,65.63,65.22,69.99,52.69,46.25,47.19,50.19,48.75,51.21,54.22,53.44,54.22,53.22,54.25,60.72,72.19,72.56,71.09,70.66,68.09
26/2/18,66.63,65.59,65.66,65.62,65.13,67.06,79.21,116.1,110.94,125.97,130.53,132.34,130.54,127.9,135.47,135.78,128.28,115.03,107.88,107.68,104.13,88.44,74.72,70.12
27/2/18,69.07,67.18,68.56,67.16,68.59,68.07,81.22,100.12,91.41,106.12,123.13,146.65,134.69,130.82,137.61,139.35,119.56,109.73,100.37,105.59,103.63,92.06,73.13,68.65
28/2/18,69.06,67.63,67.62,67.03,68.07,68.09,81.25,97.72,90.15,114.13,129.5,129.81,123.19,131.97,140.32,147.8,143.72,126.44,109.16,109.24,106.85,87.97,71.16,69.18
1/3/18,67.6,67.62,66.03,65.94,66.59,67.03,79.54,103.18,97.35,124.47,131.18,142.28,140.6,133,130.93,125.91,123.47,115.85,111,113.18,108.75,95.09,76.35,73.6
2/3/18,72.59,71.53,72.09,71.1,70.59,72.5,83.16,107.84,97.84,108.82,114.77,122.26,125.25,120.72,132.24,131.79,130.75,116.25,105.85,105.49,105.57,88.83,71.14,70.59
3/3/18,69.47,68.59,68.06,68.54,67.62,69.5,77.9,73.66,87.22,85.75,89.03,91.66,87.72,88.78,88.62,90.72,87.13,86.75,65.18,76.09,75.63,75.59,72.66,71.1
4/3/18,69.06,67.69,68.65,67.15,67.6,68.72,72.91,56.22,50.21,50.66,55.69,55.15,56.72,59.25,59.6,61.34,61.75,60.19,65.24,78.1,77.66,77.13,74.59,69.62
5/3/18,68.63,67.12,67.22,67.53,67.16,68.56,80.87,122.32,130.09,157.35,174.49,173.38,171.72,172.63,179.87,190.9,176.79,162.62,146.6,147.81,144.75,119.68,88.85,71.68
6/3/18,69.63,69.69,68.06,69.19,68.65,68.53,82.85,121,132.53,157.59,167.38,176.6,182.49,176.75,173.69,175.47,174.85,157.08,150.32,152.56,143.31,123.13,79.69,73.71
7/3/18,71.13,70.12,69.73,70.15,70.16,70.65,82.19,112.62,107.13,123.41,143.94,155.4,170.03,154.88,182.37,179.44,173.65,162.94,129.28,120.63,117.25,97.13,75.53,71.52
8/3/18,70.63,69.03,69.69,68.04,71.52,69.1,81.66,105.96,111,137.78,153.88,170.84,169.53,164.91,166.85,169.71,174.09,160.66,150.75,147.66,120.06,98.29,76.4,70.75
9/3/18,68.75,67.75,66.18,68.79,67.24,69.23,79.28,104.65,103.38,130.96,161.85,173.38,180.46,170.41,175.5,172.16,165.65,144.75,121.41,118.75,117.25,93.97,75.72,70.65
10/3/18,66.6,66.68,66.72,67.03,64.19,68.22,74.47,70.94,79.68,76.1,82.69,87.65,89.13,89.22,88.59,90.72,85.15,83.19,63.5,76.63,73.13,73.21,68.97,70.28
11/3/18,66.59,64.48,66.11,66.13,64.57,66.03,69.99,53.88,48.09,49.56,53.07,57.56,58.12,64.57,65.15,67.6,64.56,62.56,65.95,79.46,77,77.1,71.77,68.07
12/3/18,65.44,66.03,64.53,66.12,63.92,68.18,76.53,111.85,119.97,150.71,178.09,198.16,177.5,173.32,170.8,167.32,159.9,157.73,139.53,141.68,134.53,111.04,76.46,73.1
13/3/18,70.99,69.04,69.43,70.13,69.54,69.49,83.62,116.88,126.6,146.74,158.29,167.9,162.6,162.28,175.06,177.25,165.22,153.57,137.12,136.56,126.91,105.25,79.69,70.02
14/3/18,66.95,65.93,65.54,65.87,65,61.81,76.28,102.4,105.35,138.91,155.34,163.78,170.63,171.62,187.97,184.28,168.59,153.19,119.9,116.38,111.66,91.93,71.23,67.47
15/3/18,64.93,66.22,64.03,66.04,65.05,68.07,78.75,104.84,114.16,137.03,157.28,165,165.44,165.53,177.91,174.68,171.6,167.38,159.9,158.12,122.78,99.07,73.15,66.97
16/3/18,66.59,66.07,65.63,68.19,66.52,67.04,76.65,102.13,111.9,131.93,151.29,156.87,153.54,150.06,168.21,166.85,151.44,137.19,112.09,104.78,100.66,87.43,72.26,66.96
17/3/18,66.07,65,65.68,63.57,64.93,66.57,72.49,64.32,80.6,80.5,76.03,79.56,80.03,87.59,88.29,88.56,85.09,86.6,60.74,72.28,76.57,77.09,72.62,71.69
18/3/18,66.63,63.94,63.28,64.62,62.56,64.69,63.15,49.41,46.16,52.19,54.69,57.62,57.62,59.5,58.51,60.43,59.63,58.19,58.28,68.97,72.15,71.63,69.62,67.63
19/3/18,65.12,64.57,65.12,64.62,63.51,66.02,72.41,113.82,125.09,151.99,175.73,177.84,186.69,177.62,180.19,179.53,177.66,159.74,128.41,138.82,134.43,110.66,84.79,69.43
20/3/18,65.96,66.45,66,64.43,64.31,66.92,73.74,113.26,128.49,163.9,170.48,173.37,164.43,166.29,176.4,179.7,177.24,167.31,131.38,131.5,123.07,98.78,72.71,67.04
21/3/18,64.53,64.66,63.55,64.1,64.06,64.5,72.91,107.59,109.01,137.05,151.16,171.19,172.34,171.15,178.23,182.71,178.95,153.93,113.78,111.72,107.28,89.04,69.77,67.01
22/3/18,64.99,64.13,64.44,63.03,64.66,64.46,72.38,103.34,114.91,144.16,167.74,167.84,176.23,172.56,176.69,174.09,171.65,167.48,140.53,132.71,110.19,92.85,72.56,64.91
23/3/18,65.53,63.4,63.94,65.06,64.04,64.93,75.25,105.91,109.96,130.95,163.49,163.66,160.84,164.78,172.29,172.46,174.06,148.57,113.28,103.66,102.31,85.16,69.94,64.28
24/3/18,66.47,62.9,63.41,63.34,61.88,63.75,68.47,66.59,80.59,77.57,83.06,83.59,84.07,82.09,80.09,84.07,82.06,83.59,62.62,67.31,69.48,67.4,67,65.43
25/3/18,62.42,60.34,62.03,59.91,60.93,60.41,62.5,50.06,46.53,52.66,54.56,54.53,56.1,56.53,63.59,59.03,60.1,58.53,59.69,69.09,72.22,69.75,68.81,64.69
26/3/18,62.21,62.7,60.75,62.74,61.66,63.26,72.92,106.92,116.59,152.96,177.6,179.19,185.53,194.19,181.65,172.6,169.22,156.52,137.23,130.65,127.72,109.75,86.1,68.84
27/3/18,63.65,63.73,64.28,63.74,63.69,64.19,73.5,105.71,118.6,148,153.07,161.93,160.28,161.57,159.59,168.57,157.27,148.09,128.5,124.73,106.31,88.5,70.31,67.15
28/3/18,63.23,63.75,62.21,63.25,63.26,62.62,71.91,87.81,96.03,129.13,154.65,157.66,176.21,167.92,186.05,182.28,172.67,169.09,125.34,119.09,116.85,94.09,71.4,66.26
29/3/18,65.84,64.44,63.75,64.81,64.31,64.76,73.94,95.49,102.59,135.54,147,156.59,165.72,164.87,164.85,162.53,155.4,148.91,135.57,124.59,108.25,87.06,72.97,66.75
30/3/18,63.63,62.71,61.69,62.16,61.56,63.44,71.12,59.06,55.41,58.85,63.78,68.75,66.78,71.78,73.28,73.31,69.81,65.79,65.68,72.62,76.98,75.49,70.79,66.18
31/3/18,63.63,63.13,62.09,62.22,63.16,63.68,68.91,69.09,109.47,113.81,101.63,91.65,88.56,86.57,87.06,92.69,90.56,88.09,60.44,67.41,70.22,70.22,65.68,64.6
1/4/18,62.72,61.62,61.09,62.6,63.25,63.12,62.91,51.6,47.09,50.06,52.07,56.09,54.06,57.6,59.62,59.1,59.56,57.12,57.06,66.44,70.25,68.78,65.71,62.17
2/4/18,63.71,62.23,60.74,62.66,62.19,62.22,73.65,114.15,131.6,163,179.69,183,185.03,185.84,188.22,179.85,179.03,157.99,142.32,143.25,137.44,114.6,89.49,71.85
3/4/18,67.68,68.28,67.26,64.24,64.19,64.69,74.09,112.69,130.03,156.91,165.99,175.07,172.4,167.1,174.88,175.8,165.88,153.13,125.94,123.99,117.85,99.63,75.8,73.23
4/4/18,70.21,69.16,68.25,67.18,68.29,69.15,78.16,101.76,103.09,138.31,161.59,167.41,174.15,165.29,169.87,177.25,171.66,158.06,128.44,121.87,118.12,97.01,73.28,70.19
5/4/18,66.18,64.26,66.18,64.65,64.73,64.62,74.22,110.16,117.37,138.63,158.09,162,168.44,173.71,170.78,176.2,167.74,164.79,137.43,137.47,110.19,88.65,68.94,62.34
6/4/18,60.07,61,58.21,59.51,58.56,59.53,71.03,98.07,100.9,132.1,153.52,161.45,156.06,157.56,176.31,177.56,165.95,146.9,117.6,112.9,109.5,86.94,69.77,65.1
7/4/18,63.09,59.06,60.01,58.09,58.06,60.04,65.31,63.59,78.78,81.37,84.25,83.82,83.72,85.22,86.28,87.25,87.78,84.28,62.09,68.78,72.1,67.62,63.13,58.49
8/4/18,58.6,57.56,57.63,58.07,58.09,58.47,59.72,46.18,44.75,46.78,52.25,54.22,55.82,56.25,58.25,60.28,58.72,56.25,57.15,65.78,70.1,68.03,66.53,65.12
9/4/18,61.57,60.12,58.97,61.62,61.04,59.43,71.94,112.44,126.5,152.27,166.82,170.78,171.72,174.59,180.06,183.35,179.5,168.13,148.24,151.42,144.36,122.88,92.76,71.81
10/4/18,63.21,62.22,62.66,62.15,62.66,63.53,74.41,115.5,140.41,153.18,156.6,169.59,161.81,163.1,173.06,174.31,163.16,149.84,130.41,129.75,114.84,93.66,72.06,66.25
11/4/18,62.69,62.15,60.25,60.7,61.68,60.59,69.01,105.43,107.4,124.45,150.87,153.63,165,160.9,179.88,183.96,172.12,159.54,130,121.84,109.04,93.37,72.6,69.03
12/4/18,66.59,66.06,66.04,64.56,65.06,62.91,72.5,107.18,127.34,145.38,159.28,169.19,178.06,173.44,177.22,181.59,168.68,157.92,144.09,147.78,131.97,108.72,89.03,71.22
13/4/18,68,66.56,66.54,66.03,65.96,67.44,76,107.28,115.56,136.38,157.59,157.65,150.66,149.28,169.51,168.43,148.37,143.1,118.09,109.38,107.18,87.88,71.12,65.13
14/4/18,63.06,62.53,61.53,60.57,58.47,59.44,65.81,63.6,86.25,82.28,84.75,85.75,86.72,82.28,81.22,82.78,84.81,83.25,58.09,67.25,73.06,70.57,65.59,61.43
15/4/18,60.56,58.48,58.56,58.03,58.47,57.91,61.27,46.13,44.22,46.22,52.25,54.22,54.21,55.75,54.72,57.78,56.22,55.19,55.1,65.34,68.03,67.03,65.1,63
16/4/18,60.5,59.06,58,59.03,58,58.85,69.49,107.13,118.19,148.09,172.79,170.81,168.65,167.75,168.19,157.44,153.97,140.02,120.57,116.41,113.24,95.26,74.71,66.57
17/4/18,63.03,62.03,61.46,56.13,54,54.38,65.5,101.4,118.72,151.32,162.06,164.97,166.22,164.96,170.69,163.03,155.63,147.59,139.5,138.94,109.5,88.46,68.85,62.66
18/4/18,60.21,60.23,59.18,58.66,59.72,61.5,68.59,100.16,101.49,140.45,150.77,164.29,170.15,166.41,178.91,187.65,174.63,161.15,117.29,110.21,108.51,91.9,67.07,64
19/4/18,61.06,62.06,60.46,62.14,59.96,61.91,72.49,99.19,106.97,133.31,153.26,163.78,162.96,163.13,176,166.66,163.72,145.93,134.88,125.85,111.46,95.91,76.12,70.59
20/4/18,67.07,67.06,62.97,65.09,63.53,62.85,75.12,100.94,111.35,142.87,160.37,166.72,151.53,151.13,173.47,161.65,156.54,139.81,107.44,99.77,102.16,89.31,73.69,66.56
21/4/18,62.07,59.56,58.5,60.65,59,60.38,65.75,62.62,74.79,72.78,74.78,77.78,76.81,78.78,81.78,86.35,82.78,76.78,55.12,63.88,66.57,66.12,63.06,62.51
22/4/18,59.03,58.09,57.53,57.96,56.53,57.91,60.22,47.19,44.75,46.78,49.22,48.28,49.78,53.25,54.78,52.82,54.78,51.75,54.19,62.31,62.56,63,61.53,60.56
23/4/18,58.6,55.44,58.12,56.06,58.13,56.84,68.97,105.84,115.35,130.84,138.22,140.31,135.78,127.26,142.62,148.41,137.97,122.02,98.6,96.29,101.05,78.88,65.12,60.53
24/4/18,59,58.1,57.5,59.06,58.53,57.94,69.47,89.28,91.47,119.62,134.28,131.54,123.9,123.34,138.98,131.37,126.88,118.37,100.75,100.9,99.73,83.87,63.66,61.53
25/4/18,58.5,57.53,58,58.03,58.53,57.87,70.51,94.78,98.96,111.85,123.94,126.87,124.13,130.9,138.07,139.65,132.29,121.81,110.28,102.34,101.15,83.91,65.13,61
26/4/18,57.96,59.1,58.53,58.47,59.03,59.87,70.01,104.44,107.87,119.47,124.12,131.95,129.71,129.93,137.98,138.4,134.44,126.37,107.32,99.87,103.78,85.44,68.15,60.57
27/4/18,61.6,58.56,57.96,59.06,59.07,59.97,69.43,102.19,102.54,110.46,122.22,126.97,127.91,119.94,125.9,124.44,114.31,111.54,94.77,94.88,96.81,80.94,62.19,59.59
28/4/18,59.06,58.6,57.53,56.56,58.06,57.94,65.81,66.03,77.19,77.66,81.21,82.63,90.19,96.18,96.63,93.72,89.15,85.13,57.09,64.75,66.07,65.5,63.03,60.09
29/4/18,59,58.5,56.57,58.06,57.97,57.88,60.25,47.62,47.75,50.31,53.75,56.25,55.78,59.22,61.75,61.78,62.25,62.29,60.15,64.22,62.47,62.99,62.6,62.1
30/4/18,59.46,59.06,60.07,58.43,59,60.94,70.47,119.72,135,142.43,150.39,155.9,158.87,153.94,164.87,158.34,151.48,135.93,113.76,106.9,101.66,79.84,62.1,58.03
1/5/18,57.03,56.03,57,56.5,56.56,57.91,64.97,59.09,53.75,55.91,60.31,60.03,62.97,65,65.5,66.97,65.47,60.97,62.87,68.56,71.72,67.28,63,61.44
2/5/18,58.93,58.91,59.51,59,58.43,59.78,69.91,108.71,119.82,128.34,139.88,139.75,133.91,126.21,134.31,135.29,131.93,121.26,100.21,101.69,103.04,81.75,63.03,60.02
3/5/18,57.44,55.97,55.44,56.99,55.41,57.32,67.47,96.03,99.47,106.47,117.46,124.97,127.47,121.47,128.44,127.43,128.01,116.96,100.79,104.34,101.15,82.85,62.09,61.47
4/5/18,59.47,59.56,58.44,56.93,57.42,58.9,67.31,91.72,93,105.47,115.94,120.97,119.43,114.44,123.47,125.94,122.94,110.46,91.79,96.34,96.19,79.78,64.12,61.97
5/5/18,59.97,58.5,59.03,57.91,57.94,58.31,64.81,68.75,92.94,86.38,88.87,86.81,88.85,88.87,90.88,91.37,92.91,89.87,56.13,61.72,65.96,62.47,59.97,58.87
6/5/18,58.6,56.47,55.94,55.41,55.37,56.84,59.25,46.62,45.32,47.81,52.25,52.28,52.28,52.28,54.75,55.28,55.79,52.78,54.62,60.75,62.94,62.56,58.48,57.3
7/5/18,56.51,55.5,54.93,54.91,54.91,56.31,68.34,118.72,127.62,131.91,142.31,148.35,149.9,143.9,150.85,151.81,147.88,134.84,116.72,105.16,104.59,81.13,62.62,59.97
8/5/18,58.97,57.97,57.94,58.38,56.34,60.31,70.88,111.9,116.81,121.88,127.31,130.88,127.37,123.74,132.35,133.25,132.38,123.75,106.19,100.72,100.87,84.34,64.07,61.91
9/5/18,60.99,59.94,58.91,56.99,57.44,57.81,70.35,110.5,117.5,124.53,131,131.03,129.97,128,139,140,136.47,130.46,112.88,106.38,102.62,85.91,63.57,58.93
10/5/18,59,58.5,57.37,57.47,57.38,58.34,70.41,110.34,113.81,117.91,126.31,128.85,130.75,126.87,132.78,131.38,125.81,113.28,100.19,97.75,101.44,82.78,62.53,58.97
11/5/18,56.47,56.9,57.47,55.91,57.93,57.78,68.47,105.19,109.82,115.87,123.88,134.87,137.34,134.5,135.56,128.51,135.5,108.25,93.81,96.91,95.65,78.85,60.09,58.59
12/5/18,56.47,56.1,56,54.46,54.97,56.38,62.75,64.69,94.34,107.34,103.85,112.15,109.5,107.54,109.03,109.53,106.5,87.97,52.65,59.28,60.47,61.06,58.54,57.5
13/5/18,55.02,56.04,56,55.03,55.46,55.82,59.31,45.69,45.87,48.38,51.34,54.35,51.34,50.41,53.31,56.84,55.85,54.34,52.19,58.81,61.5,61.57,59.02,59
14/5/18,57.01,58.06,57.56,56.47,56.9,56.85,70.93,120.79,131,134.49,135.38,143.97,132.91,129.4,133.41,131.44,126.37,117.85,99.74,92.82,93.56,75.84,60.09,57.57
15/5/18,57.59,55.54,55.49,56.07,56.5,56.4,68.54,102.03,107.06,109.37,113.81,118.82,114.37,108.82,117.34,118.87,114.82,109.87,96.69,94.78,94,79.81,60.63,59.06
16/5/18,56,57.04,56.09,56.1,56.49,57.34,69.1,99.82,100.15,107.4,113.88,119.78,121.41,115.87,121.34,118.85,113.87,106.88,91.65,92.32,91.94,76.37,60.66,58.06
17/5/18,57.57,55.96,54.5,57.5,55.44,56.84,67.53,95,96.5,107.56,110.23,114.87,112.37,106.32,117.93,117.91,117.87,109.48,90.65,93.28,94.53,78.81,60.03,57.88
18/5/18,56.91,57.94,56.4,57.41,57.44,57.21,66.85,102.22,96.9,106.76,112.21,115.72,115.31,114.69,118.25,117.31,116.47,97.75,90.72,94.16,92.88,74.67,58.38,58.81
19/5/18,57.35,57.4,55.23,56.31,55.28,56.16,64.12,62.56,79.78,73.75,77.16,76.75,76.75,76.18,76.19,75.25,74.75,72.22,48.57,58.59,57.93,57.13,54.06,53.09
20/5/18,53.57,52.12,52.54,51.56,52.56,52.97,55.81,43.22,44.28,45.25,45.75,48.19,47.28,46.75,46.75,47.28,46.72,46.22,46.38,52.72,56.28,57.87,55.31,54.75
21/5/18,54.82,53.84,53.31,53.32,53.84,54.12,67.26,101.96,108.91,118.38,119.84,116.77,117.79,110.4,119.6,117.75,118.12,108.23,87.87,89.56,88.25,73.15,56.39,55.31
22/5/18,54.34,53.81,54.25,54.56,54.38,56.97,66,92.69,89.99,92.91,102.88,104.9,102.44,103.9,110.38,108.91,105.91,99.4,85.75,94.4,95.19,79.44,61.13,57.09
23/5/18,55.5,54.96,56.64,55.46,56.5,55.37,67.38,90.72,88.87,102.42,108.43,125.9,116.98,101.3,108.39,108.9,112.21,95.91,86.12,88.35,88.29,74.43,59.15,57.6
24/5/18,55.5,54.06,55.59,55.61,54.53,55.4,65.96,81.57,85.72,97.71,101.38,106.22,105.32,105.77,109.69,109.78,111.06,101.29,84.99,85.79,86.06,72.85,58.52,58.07
25/5/18,55.07,53.96,54.03,54.59,53.47,54.38,66.03,90.72,86.34,93.82,100.24,103.32,100.84,99.82,101.74,105.75,99.85,88.25,80.56,84.75,89.69,75.31,57.65,56.13
26/5/18,55.63,53.56,52.47,53.06,53.56,53.94,59.28,61.69,75.78,69.25,69.81,72.78,70.78,71.82,72.78,70.28,70.31,66.75,48.01,57.28,58.09,57.65,54.56,55.13
27/5/18,53.47,53.06,52.62,53.01,53.03,53.37,54.78,42.31,42.25,42.78,44.29,45.78,44.78,45.81,46.72,46.28,46.31,44.78,46.51,55.78,58.59,56.07,54.52,54.57
28/5/18,53.04,53.12,52.06,53.47,52.97,53.47,64.43,104.75,107.25,108.88,111.87,112.76,106.37,102.27,108.29,114.59,110.51,103.02,88.19,85.25,90.66,73.37,58.25,56.56
29/5/18,55.57,55.12,54.54,55.06,53.93,56.94,62,54.91,50.09,55.6,58.59,60.1,59.59,59.97,64.75,63.56,61.63,57.59,55.65,62.38,66.09,60.91,57.03,56.56
30/5/18,56.09,54.5,55.6,55.6,54.71,55.91,68.56,98.94,106.53,109.16,106.18,111.19,106.22,107.16,116.06,115.68,110.7,100.62,87.19,85.93,84.63,75.53,60.03,57.03
31/5/18,55.56,56.1,55.07,56.02,55.53,55.95,65.99,86.28,89.65,98.48,104.47,106.47,108.56,102.49,116.38,110.78,108.07,95.03,82.13,84.3,83.66,71.34,57.2,56.12
1/6/18,53.62,52.62,53.64,52.62,52.62,53.04,63.56,85.46,80.1,91.62,97.62,100.11,105.18,100.1,103.56,107.25,103.53,93.15,78.72,84.48,88.05,76.57,57.81,54.59
2/6/18,53.69,54.25,52.13,52.62,53.66,54.09,59.88,61.56,70.06,63.56,66.04,68.03,69.03,69.53,71.5,71.59,72.53,70.53,49.16,57.13,58.84,57.81,57.37,54.82
3/6/18,53.78,52.31,50.84,51.88,51.82,51.15,54.16,42.56,43.57,44.43,47.53,46.04,49.06,50.53,49.03,50.06,48.53,48.07,47.56,56.09,57.84,58.37,56.39,55.78
4/6/18,54.37,53.81,53.81,53.84,53.73,55.22,67.81,120.37,122.29,136.99,137.06,147.04,129.78,129.6,133.02,131.87,126.45,114.43,101.1,102.66,97.43,85.13,62.56,56.56
5/6/18,55.94,54.43,54.44,55.03,54.44,55.85,67.02,105.64,105.77,107.76,109.74,111.31,112.85,116.56,123.97,123.91,125,115.87,95.51,98.15,88.34,75.91,58.47,55.84
6/6/18,53.72,53.79,53.87,53.78,53.71,54.25,66.44,106.82,107.87,110.65,116.42,121.9,109.41,104.5,108.93,109.54,119.09,107.72,88.03,91.19,95.46,82.38,63.81,61.31
7/6/18,61.26,60.4,59.31,60.34,58.78,59.14,71.74,112.97,112.51,121.27,118.01,118.4,116.93,117.95,119.9,124.03,116.28,107.48,90.99,98.1,97.03,82.93,64.91,63.94
8/6/18,59.85,59.77,61.38,59.38,59.15,61.68,71.78,117.54,117.12,115,109.07,107.46,105.1,111.28,119.12,122.63,117.84,105.01,86.93,94.1,96.81,81.56,57.16,57.12
9/6/18,57.1,54.12,55.07,54.65,54.53,55.38,60.75,65.4,91.22,82.19,80.75,80.16,81.18,83.88,85.5,78.31,77.91,73.28,45.53,59.59,63.41,60.25,51.59,50.57
10/6/18,51.15,48.97,48.59,49.6,49.56,48.35,52.37,39.44,38.34,41.41,43.44,45.84,44.41,46.4,47.35,50.4,47.97,45.38,45.56,57.68,60.82,59.31,52,50.69
11/6/18,49.53,47.53,49.15,49.07,49.03,49.34,61.65,112.23,127.09,128.85,128.81,136.31,141.57,142.27,144.26,136.46,122.5,108.94,91.59,95.19,93.47,78.53,53.72,53.35
12/6/18,51.28,49.8,50.26,50.85,50.21,51.13,62.12,108.41,106.62,109.03,106.53,117.72,121.01,117.74,112.47,109,106.97,99.47,81.12,96.03,92.57,77.72,54.84,52.34
13/6/18,50.28,51.26,50.81,50.75,49.19,51.69,61.65,104.69,105.97,99.24,98.1,100.56,99.66,94.5,99.59,103.66,98,91.13,77.08,88.35,86.28,69.4,53.44,52.88
14/6/18,50.28,50.37,50.29,49.81,49.91,50.55,63.94,90.78,94.32,91.15,94.54,96.12,92.47,91.13,95.59,95.57,97.05,90.04,78.62,88.91,89.09,71.16,53.28,52.43
15/6/18,50.23,49.71,51.35,50.34,48.65,50.1,58.97,43.03,42.41,45,49.4,47.94,46.53,49.41,49,49.47,48.93,48.97,46.5,57.94,61.04,59.08,51.85,50.75
16/6/18,48.35,47.8,48.76,47.84,49.28,48.66,56.62,57.4,86.97,81.41,79,76.84,73.97,74.41,77,76.4,78.97,73.41,43.07,56.81,59.59,59.5,52.29,50.3
17/6/18,47.91,47.22,47.32,47.77,47.35,47.1,51.02,37,39.38,41.47,42.87,44.97,45.91,46.4,48.44,47.47,46.9,44.97,44,58.32,57.43,57.1,52.78,51.28
18/6/18,50.81,50.29,49.77,49.85,50.25,50.62,62.85,123.5,135.15,137.51,147.93,151.54,144.03,133.9,137.97,134.34,127.48,120.56,82.47,88.62,89.21,74.29,54.56,53.32
19/6/18,49.71,51.28,50.85,50.81,49.69,50.66,62.83,110.73,122.75,125.56,124.53,131.59,138.63,135.78,144.5,141.5,140.62,135.73,85.65,94.18,92.44,74.94,55.19,51.47
20/6/18,50.88,49.84,51.65,50.44,50.44,49.25,65.09,97.35,95.87,112.54,114.52,111.88,114.66,103.24,107.29,108.25,103.24,100.44,86.38,86.16,87.97,75.34,55.96,54.41
21/6/18,52.84,51.88,52.88,53.43,51.72,53.82,62.4,87.28,100.22,123.69,119.22,122.28,127.32,125.21,147.12,145.95,140.52,124.88,89.65,106.54,108.52,98.6,72.85,56.21
22/6/18,52.97,54.98,53.02,54,52.97,54.44,64.93,85.76,86.68,97.1,109.75,112.87,113.82,110.34,113,113.22,111.46,102.04,81.53,87.81,86.69,73.62,55.2,53.59
23/6/18,52.68,51.62,51.17,50.12,48.88,52.52,56.88,56.6,72.09,64.03,70.6,72.06,71.62,72.6,72.09,73.06,72.1,71.59,45.25,60.22,61.53,60.06,52.66,52.62
24/6/18,51.09,51.2,51.12,51.71,51.5,51.63,53.81,40.13,38.56,39.59,40.07,40.56,43.06,44.09,41.57,46.09,45.13,44.62,43.66,56.31,58.63,58.52,53.23,52.03
25/6/18,52.71,50.04,51.22,50.03,51.81,51,64.66,95.84,101.06,107.06,107.53,109.2,107.68,111.09,123.13,120.62,111.66,98.56,82.88,94.81,91.19,79.56,57.19,54.59
26/6/18,54.1,52.09,51.5,52.25,51.57,53.58,63.04,87.88,86.12,96.71,105.1,106.12,104.73,106.15,111.72,107.69,109.18,96.63,81.28,89.85,89.65,76.1,56.68,55.62
27/6/18,54.1,52.13,51.65,50.53,52.69,51.38,63.06,79.06,86.63,92.03,95.49,101.54,103.53,100,108.5,107,104,100.41,81.87,86.81,87.75,71.53,57.2,55.09
28/6/18,54.62,52.59,53.13,53.53,52.62,53.38,64.56,78.31,79.1,89.78,98.13,103.18,102.65,95.54,104.69,104.6,103.15,94.62,79.28,86.34,88.63,73.38,57.22,56.22
29/6/18,54.06,52.59,53.15,52.57,53.06,52.53,65.57,82.06,87.53,91.03,95,96.1,97.52,95.51,102.59,104.47,101.03,90.46,76.26,82.41,82,70.15,53.72,52.07
30/6/18,51.06,52.68,50.13,51.59,50.59,52.51,57.34,55.59,68.6,66.56,67.56,68.56,68.57,71.62,72.09,76.13,72.56,71.6,46.15,58.72,62.03,59.38,52.62,53.03
1/7/18,52.12,51.57,50.5,52.18,51.1,51.41,53.84,40.1,40.56,41.56,42.57,44.06,43.59,47.6,42.56,44.09,43.6,43.59,42.21,55.6,63.75,58.53,54.57,52.09
2/7/18,52.15,49.98,51.77,51.06,50.6,51.41,65.16,94.21,100.93,108.61,119.99,116.35,119.37,113.43,121.86,124.33,124.29,107.16,81.28,89.25,90.68,78.04,59.15,55.09
3/7/18,53.53,51.66,51.47,54.15,51.47,50.88,64.03,88.44,90,98.97,115.4,116.79,116.46,114.62,121.32,117.78,117.56,109.35,96.85,92.74,89.56,74.1,54.59,54
4/7/18,53.56,51.53,53.57,52.1,51.37,54,64.12,83.97,89.69,104.4,112.7,115.24,125.87,116.76,123.9,121.87,118.57,102.9,84.76,91.24,93.01,77.53,58.03,55.56
5/7/18,54.47,53.1,52.53,51.94,51.53,53.43,64,90.97,93.06,104.69,119.47,123.75,124.78,119.66,123.72,127.87,115.75,106.1,87.18,94.28,93.5,77.45,57.09,55.4
6/7/18,52.93,52.61,52.53,51.47,52.53,52.34,65.59,90.37,93.13,98.69,111.57,119.09,118.99,115.19,120.56,117.76,114,103.15,88.94,100.65,97.44,82.5,58.63,54.5
7/7/18,54.53,52.03,50.53,51.56,52.06,52.85,59.75,60.82,85,89.18,88.78,90.1,90.78,89,90.53,93.75,90.53,88.06,57.6,70.78,70.84,67.84,56.06,54.94
8/7/18,53.03,53.03,53.53,52.04,51.97,52.88,55.75,40.56,41.03,42.03,42.44,44.53,47,46.06,48.03,48.54,50.56,48.03,47.65,59.66,62.41,60.96,55.03,53.91
9/7/18,51.47,52.06,51.06,51.97,50.94,52.9,65.07,112.66,117.24,116.95,122.56,123.49,123.51,123,128.28,128.5,124.96,112.57,91.21,94.32,97.18,77.54,56.62,54.5
10/7/18,53,52.53,51.94,51.53,52.53,53.41,65.53,93.9,95.01,102.43,107.01,109.59,108.53,110.5,112.47,117.13,112.46,107.54,92.18,93.44,97.09,79.01,59.09,56.59
11/7/18,54.97,54.44,54.09,53,53.94,54.96,65.35,92.5,94,101.5,109.41,119.52,121.45,115.9,124.97,121.91,120.02,110.39,88.75,92.37,90.43,75.6,54.06,53.57
12/7/18,51.56,51.49,48.94,51.04,49.34,51.37,65.13,92.13,96.02,104.47,112.91,111.9,107.35,109.97,117.99,116.89,114.46,109.94,90.78,96.22,93.53,76.47,56.63,53.56
13/7/18,53.03,51,51.59,51.16,50.97,51.87,64.56,97.97,100.13,104.68,108.07,109.62,110.03,105.63,115.06,117.54,116.62,102.93,89.72,95.82,94,79.06,55,54.63
14/7/18,51.03,51.62,50,50.53,49.6,50.9,58.22,59.03,83.53,81.1,84.03,85,84.06,84.47,84.03,84.03,81.53,80.53,45.13,58.22,61.94,58.44,52.5,51.96
15/7/18,53.12,51.07,50.43,50.47,50.6,50.44,51.74,38.54,36,38.59,41.03,43,43.06,45.53,45,46.04,46.03,45.03,44.19,57.31,60.94,57.97,53.09,52.37
16/7/18,51.6,50.47,51.03,51.1,51.03,50.84,64.56,110.5,121.47,146.34,153.35,158.56,150.25,145.93,145.86,152.05,144.28,133.88,113.16,108.69,100.02,83.04,57.12,53.03
17/7/18,53.03,51.56,50.56,52.14,50.97,50.87,64.59,100.84,103.69,110.44,119.63,123.56,119.06,115.06,119.09,124.2,120.84,110.49,91.75,103.86,105.99,85.5,58.03,54.07
18/7/18,52.56,50.59,51.06,50,49.94,51.47,64.06,97.81,100.97,112.91,114.12,115.1,113.87,109.48,117.4,129.06,131.13,123.15,90.94,100.25,99.5,80.03,57,56.03
19/7/18,52.54,52.06,53.03,51.47,51,52.5,63.97,98.56,98.94,106.43,111.94,110.94,108.4,108.51,113.4,114.9,112.85,107.91,87.28,93.71,91.94,80.63,58.13,53.43
20/7/18,53.1,52.56,51.47,52.62,51.09,52.26,64.65,91.01,91.93,97.87,108.13,106.47,109.9,115.76,121.65,120.19,116.69,97,77.53,89.84,90.09,72.41,55.07,52.06
21/7/18,50.99,49.5,51.09,50.41,50.56,50.01,58.24,58.5,76.5,76.54,76.96,78.91,76.53,76.5,78.94,80,86.03,79.94,52.13,64.16,66.4,61.31,53.47,52.44
22/7/18,51.06,51.06,51.5,50.51,49.86,51.32,53.66,43.5,45.94,48.53,51.44,52.93,52.5,54.44,53.97,53.03,51.88,47.5,44.15,63.12,65.85,64.87,58.94,57.59
23/7/18,56.48,55,55.37,54.5,53.94,55.37,68.5,116.63,120.78,127.52,130.13,134.5,134.16,131.5,139.18,148.1,141.06,125.51,98.08,108.79,101.97,81.46,59.41,61.54
24/7/18,58.06,55.43,56.56,53.97,54.47,54.32,67.56,105.75,106.56,118.94,126.46,129.45,129.43,127.03,127.38,132.5,127.94,117.9,94.19,104.84,104.03,87.54,66.09,59
25/7/18,57.03,54.93,55.03,54.91,54.5,55.26,69.12,111.69,126.03,136.68,138.85,141.44,142.66,137.74,139.66,140.91,130.24,117.29,88.52,96.88,95.19,82.19,63.72,59.53
26/7/18,57.93,55.56,58.04,56.06,55.94,58.34,68.57,94.34,97.97,120.19,127.21,126.45,122.65,119.18,126.67,129.21,120.38,115.34,95.72,96.72,95.13,80.96,60.56,59.54
27/7/18,57.94,54.56,55.97,55.03,56.06,55.37,68.44,98.28,113.34,123.69,128.4,135.11,136.77,133.91,145.59,146.56,138.92,121.3,89.76,102.18,105.51,86.43,62.97,60.53
28/7/18,57.5,55.5,55.94,54.97,54.87,55.9,62.1,64.56,86.53,82.03,84.5,84.53,82.5,84.57,83.03,83.97,83.97,80.03,51.69,63.53,66.38,64.78,59.53,58.93
29/7/18,55.41,56.06,55.91,55.96,55.97,56.82,58.72,46,45.03,47.53,50.03,49.03,50.53,50.04,53.46,58.54,50.06,49.56,48.21,60.51,68.44,65.34,58.91,57.56
30/7/18,56.5,53.31,55.59,53.88,54.94,54.84,68,122.28,136.38,135.56,134.57,142.37,135.24,128.73,135.18,135.79,129.18,119.65,93.67,99.78,101.9,83.44,59.5,58
31/7/18,54.94,54.91,55.47,54.49,54.94,55.87,66.97,100.66,104.62,113.85,118.15,122.66,119.66,118.21,124.53,130.79,124.21,114.17,95.27,98.66,101.9,85.48,63.53,59.46
1/8/18,57.97,56.97,57.1,56,56,56.88,68.47,98.21,99.43,110.32,116.72,119.78,118.78,124.37,136.88,135.03,134.76,122.15,84.75,98.9,96.57,81.96,58.5,57.54
2/8/18,52.44,55.06,55.06,54.43,54,55.29,67.59,93.03,98.57,110.68,113.69,119.72,112.06,108.85,116.21,125.82,123.81,116.13,93.8,91.36,95.74,79.1,62.34,58.24
3/8/18,57.83,54.24,56.75,56.78,55.25,57.16,68.28,95.34,109.41,121.19,125.16,120.12,117.15,122.76,133.65,137.6,124.59,112.4,94.16,105.31,105.63,87.63,66.28,64.78
4/8/18,59.68,55.25,55.81,55.22,54.22,54.6,60.03,63.9,84.5,79.38,82.84,83.91,88.94,84.87,84.41,87.93,82.38,80.5,52.04,63.81,66.53,65,60.68,59.31
5/8/18,57.22,55.35,54.22,54.28,54.66,55.65,58,48.9,47.41,47.5,48.91,49.43,50.41,51.91,48.9,50.88,50.87,52.44,49.51,63.31,66.37,65.41,60.84,58.25
6/8/18,55.28,55.76,55.31,55.18,54.75,56.16,70.44,119.71,138.03,144.32,149.93,148.5,141.88,140.37,145.85,133.87,129.67,115.62,100.22,110.28,108.05,85.29,60.47,57.4
7/8/18,58.01,54.94,55.53,54.31,54.53,54.85,64.43,101.65,111.56,129.29,139.37,132.72,129.56,132.22,148.13,144.4,130.78,119.91,97.97,106.69,105.53,86.78,63.47,57.97
8/8/18,54.84,54.1,54.47,54.43,55,54.82,67.62,98.03,99.82,113.62,120.15,123.6,121.22,118.59,136,143.84,128.04,122.12,101.81,108.69,108.35,87.9,64.01,58.06
9/8/18,55.34,54.59,53.44,53.03,54,55.38,61.37,44.75,44.53,48.44,51.03,55.03,56.03,53.5,57,52.97,53.03,50.57,48.68,61.63,65.38,62.34,56.97,57.96
10/8/18,56.53,53.41,52.53,53.44,54.4,53.35,67.12,103.78,118.29,120.62,132.82,132.65,129.1,124.78,134.68,155.19,147.65,125.07,104.35,108.75,109,87.4,60.03,61
11/8/18,58.1,57.97,56.03,56.96,53.97,54.78,64.81,65.03,88.53,87.04,85.5,88.5,87.53,87.03,90.53,89.03,88,85.03,50.69,65.01,65.87,66.34,59.38,59.12
12/8/18,56.53,52.98,54.4,53.5,53.41,54.84,57.15,47.1,48.03,47.53,47.03,52.53,53.03,55.47,58.03,53.03,50.97,50.47,50.66,63,66.85,67.96,59.54,57.4
13/8/18,56.09,54.97,55.44,54.4,54.38,55.88,70.06,132.03,157.19,164.78,180.5,194.06,185.97,186.19,190.12,191.26,185.21,170.4,160.66,162.22,149.79,113.15,77.71,78.69
14/8/18,74.66,73.56,73.17,71.03,70.12,67.03,70.59,123.97,152.09,179.38,192.16,193.74,194.76,195.34,197.1,205.65,207.69,194.47,151.28,142.72,135.47,101.4,68.47,64.43
15/8/18,62.98,60.91,59.43,59.47,58.94,59.65,75.09,132.29,158.49,169.32,170.5,182.93,194.82,193.37,180.91,181.41,194.34,186.22,149.03,142.16,121.06,90.82,66.4,65.38
16/8/18,61.96,59.88,59.87,58.38,58.84,60.82,70.43,126.38,149.87,169.88,170.9,181.79,187.52,181.78,171.32,174.72,174.78,172.09,136.01,137.59,116.8,91.14,66.93,60.91
17/8/18,61.34,60.94,58.97,59.43,58.85,59.25,71.06,127.06,141.79,160.37,163.87,166.29,169.93,169.54,172.18,165.47,146.47,130.4,108.91,109.44,104.82,84.77,61.41,60.9
18/8/18,59,57.95,56.46,57.97,55.82,57.8,65.17,65.5,84.5,81.5,82.93,84.44,84.47,87.47,89,89.47,83.47,81.97,53.65,64.47,66.31,64.13,59.96,55.97
19/8/18,54.91,54.93,55.01,54.44,54.87,54.87,58.15,47.07,48.97,49.93,49.97,54.47,55.47,56.03,58.47,58.47,58,56.5,51.63,61.97,67.84,65.16,63.43,59.41
20/8/18,60.91,56.43,56.88,57.57,56.8,57.91,70.47,132.4,166.88,178.68,184.01,194.93,203.91,194.81,191.97,194.32,179.21,156.07,139.96,141.16,129.9,99.26,66.97,62.9
21/8/18,59.35,58.4,58.94,58.93,58.82,59.75,71.97,131.16,152.27,171.57,181.03,182.44,186,182.34,199.56,208.06,201.57,178.53,150.13,145.27,130.69,97.88,67.15,63.56
22/8/18,58.11,56.53,55.46,55.6,55.94,56.4,65.5,48.56,50.06,54,59.72,64.75,67.28,65.78,63.25,63.72,66.19,64.69,62.85,74.71,75.53,74.47,66.13,58.9
23/8/18,57.38,55.47,55.43,55.41,54.94,55.74,72.07,132.35,171.31,185.77,194.17,201.99,194.23,195.46,189.15,182.14,181.46,171.19,140.4,144.01,125.87,96.72,69,63
24/8/18,59.5,57.34,58.5,58.41,58.91,59.3,72.11,121.87,147.74,163.7,168.62,177.96,172.51,166.78,169.44,158.9,150,133.41,111.19,113.71,111.41,93.69,66,58.53
25/8/18,57.47,56.41,57,56.43,55.97,57.32,64.18,69.04,82.53,81,83.97,86.93,86.03,87.5,87.94,88.5,85.53,80.5,53.62,70.6,72.34,70.34,62.35,60.43
26/8/18,59.54,58.41,56,55.49,56,57.79,58.62,47.04,48.03,48.53,50.5,51.44,53,54.46,55.44,56,58.5,50.44,55.12,67.5,69.75,68.28,62.41,61.4
27/8/18,60.97,57.47,58.41,55.97,57.38,58.27,71.47,130.25,161.22,186.32,191,199.83,207.79,206.87,208.78,203.57,195.56,182.13,163.52,162.6,147.72,103.03,70.6,62.97
28/8/18,60.46,58.38,60.06,58.03,55.32,59.96,71.15,137.89,158.68,171.71,186.73,196.71,209.88,209.03,203.41,210.19,204.59,182.6,138.36,137.04,129.44,97.27,67.2,62.44
29/8/18,60.53,58.62,58.09,56.94,59.06,58.91,72.34,132.91,153.78,171.56,176.85,187.96,197.41,191.07,183.18,184.88,188.62,181.37,151.22,139.95,116.31,87.87,67.04,65.56
30/8/18,60.91,60.65,59.59,60.56,59,60.35,72.62,122.28,146.85,165.68,175.6,183.56,180.15,176.07,181.59,186.72,171.6,163.9,130.13,127.46,116.51,89.25,66.06,62.97
31/8/18,63.56,60.9,60.44,59.41,59.59,60.85,71.56,121.94,140.66,159.43,164.31,169.97,176.1,173.47,174.09,159.25,153.5,136.31,118.6,114.84,108.9,86.7,65.68,61.03
1/9/18,56.65,55.51,56.03,56.06,53.97,57.4,63.75,64.07,76.56,81.94,89.34,85.56,86.6,85.09,85.53,84.56,82.1,83.03,52.82,66.18,68.88,66.31,55.97,57.06
2/9/18,55,54.03,55.59,54.57,54.5,55.37,57.78,45.13,46.06,46.12,46.66,47.06,48.1,50.59,51.59,51.07,52.06,51.56,51.19,64.63,65.91,65.37,59.06,58
3/9/18,56.5,55,55.59,55,54.57,55.9,74.22,112.31,143.75,154.04,172.99,174.47,188.5,183.28,183.41,182,168.69,164.19,142.09,128.03,119.91,93.78,64,61.03
4/9/18,59.43,59.54,58.09,59.5,57.97,58.88,71.59,114.12,131.42,158.34,164.74,170.88,183.22,182.22,189.65,186.47,178.88,170.28,136.84,137.28,117.73,91.4,64.59,63.5
5/9/18,60.98,56.53,58.49,57.03,57.41,58.44,70.56,102.09,115.76,144.5,164.05,171.82,186.4,181.7,174.71,179.68,184.2,169,145.15,139.66,116.85,90.49,61.19,62.56
6/9/18,61.63,57.56,58.16,57.59,56.53,57.97,70.22,110.44,139.43,160.26,167.68,178.29,179.34,177.24,181.1,176.06,170.38,162.81,141.47,136.09,124.16,92.31,65.63,60.53
7/9/18,58.5,55.97,55.46,56,56.91,55.81,70.22,107.41,133.6,160.55,168.09,167.64,168.05,167.17,163.8,158.95,141.15,127.12,104.94,107.19,100.93,85.47,63.09,59.47
8/9/18,59.01,59.44,59,58.53,57,60.27,65.75,66.1,80.69,86.09,86.5,87,92.19,94.06,95.44,94.87,99.63,98.59,65.04,73.9,73.38,67.34,62.15,59.47
9/9/18,56.04,57.87,56.57,56.37,57.6,57.8,59.66,47.06,48.57,51.03,54.03,53.53,55.06,54.57,54.06,58.59,59.06,58.57,59.65,76,72.84,70.45,60.5,60.9
10/9/18,58.53,57.44,58.03,57.53,57.97,57.75,75.5,121.35,138.15,155.07,175.21,178.31,183.54,184.15,184.13,186.12,181.06,160.91,137.18,137.79,118.68,88.26,62.09,59.47
11/9/18,56.53,55.96,54.47,55.44,54.47,57.32,68.53,109.75,125.63,157.68,160.25,169.38,175.96,176.01,171.21,179.91,175.84,164.91,140.84,141.31,120.94,86.91,65.09,60.38
12/9/18,59.59,58.09,59.04,58,57,58.34,71.06,101.82,119.25,145.4,164.85,171.03,183.24,187.23,180.02,181.98,181.43,172.84,139.57,135.59,123.66,100.34,62.59,62.97
13/9/18,61.07,58.97,60.59,59.03,57,59.38,70.47,110.62,141.1,158.65,167.59,170.91,174,171.94,178.84,178.97,169.13,162.74,136.13,131.93,115.91,89.32,64.47,63.09
14/9/18,59.46,56.57,56.41,56.62,54.91,56.85,69.59,108.72,139.77,157.88,168.53,173.18,174.54,179.91,174.44,169.84,153.96,142.54,119.28,113.91,109.18,87.28,66.97,61.13
15/9/18,57.84,58.22,54.97,56.53,55.56,55.91,63.56,66.29,81.81,90.62,86.63,81.34,80.88,80.87,87.85,90.81,90.87,85.32,60.52,71.25,71.06,65.35,56.5,59.12
16/9/18,54.6,54.53,54.1,55.03,55.09,54.91,58.12,46.35,46.31,47.28,50.81,51.29,55.31,56.25,54.25,54.78,52.78,52.38,56.43,69.91,67.81,69.4,62.6,60.03
17/9/18,60.59,58.59,59.6,58.5,58.5,58.9,74.63,121.07,145.59,165.34,186.94,195.06,196.59,183.6,190.84,201.35,186.4,160.28,131.19,126.54,119.46,88.68,65.6,64.06
18/9/18,61.91,58.97,62.03,59.07,59.5,58.8,75.04,127.62,148.19,164.97,175.4,183.85,184.87,184.04,189.84,183.72,172.68,157.06,130.35,127.76,111.05,88.41,63.62,60.56
19/9/18,59.07,56.59,58.03,56.06,57.5,57.94,68.95,108.49,110.44,134.07,148.74,160.25,180.78,181.5,176.38,178.72,173.4,169.1,142.15,134.29,111.56,86.81,64.16,63.59
20/9/18,60.56,57.56,58.1,56.56,58,57.97,70.03,103,125.5,142.62,156.73,165.49,174.41,176.69,180.62,172.95,166.3,153.56,142.66,141.38,124.5,96.44,61.59,59.91
21/9/18,60.09,57.09,55.63,55.03,55.03,55,65.5,105.84,132.47,155.59,162.51,166.21,155.06,157.57,148.22,152.06,147.75,140.53,122.75,116.38,96.99,79.35,57.09,57.57
22/9/18,55.56,55.5,55.12,55.57,55.5,56.96,60.13,64.37,76.75,75.79,75.28,78.28,77.81,80.78,81.78,77.78,79.29,76.37,50.51,65.43,63.88,63.46,58.1,55.97
23/9/18,55.06,56.12,54.07,53.56,52.94,54.47,56.71,45.81,47.32,47.78,46.72,48.75,49.28,50.78,51.75,51.75,51.75,48.78,51.97,65.44,64.4,63.35,60.56,56.5
24/9/18,55.06,53.88,55.65,53.44,53.53,55.85,70.53,108.75,119.99,125.29,127.22,135.25,126.22,124.41,135.81,134.93,131.88,123.28,108.56,112.47,107.97,82.35,57.09,58.9
25/9/18,55.56,55.48,53.43,54.06,52.38,54.44,65.84,104.28,112.38,124.87,130.88,143.09,127.53,128.76,135.56,141.81,132.12,121.69,109.78,113.28,112.88,85.66,60.93,59.51
26/9/18,55.99,55.16,52.53,56.12,54.56,54.92,67.25,102.56,110.87,112.66,127.31,130.75,131.84,124.34,134.2,125.27,123.82,114.22,107.46,112.04,108.09,87.37,63.16,60.13
27/9/18,59.06,58.06,57.57,58.09,57.56,56.87,70.69,106.12,109.82,128.25,133.79,139.46,136.22,138.35,138.33,141.16,137.47,125.19,113,114.21,103.54,84.03,59.68,59.63
28/9/18,59.12,58.04,55.65,57.19,57.12,56.48,68.69,114.93,123.53,132.75,138.81,141.29,138.87,142.47,149.94,154.22,146.12,134,106.28,111.07,107.49,84.31,59.64,60.18
29/9/18,58.66,55.65,55.16,56.12,56.66,55.93,63.35,67.69,92.65,85.22,90.13,86.59,90.75,92.16,91.72,95.15,91.66,86.65,54.63,65.72,66.72,64.32,58.96,57.47
30/9/18,55.93,55.04,54.4,55.47,55.4,54.76,58.65,46.25,49.16,49.12,51.72,50.13,51.69,54.62,55.16,55.75,55.59,54.19,54.66,65.81,65.12,64.85,59.35,60.4
1/10/18,58.59,57.47,55.91,55.93,56.94,57.31,71.53,131.82,171.09,183.47,197.78,208.22,209.5,207.44,200.03,193.66,189.87,172.37,151.06,152.38,132.41,97.81,69.22,64.97
2/10/18,63.56,63.93,65.67,62.59,61.93,64.45,74.24,131.53,148.01,161.3,170.39,180.77,184.44,182.97,200.43,207.57,202.38,183.05,145.98,140.93,128.13,102.28,69.53,69.57
3/10/18,63.97,61.46,61.47,63.09,61.87,63.41,73.04,126.12,139.25,158.35,176.06,186.25,194.12,190,190.32,195.96,188.81,175.76,143.12,150.19,131.59,92.07,67.62,62.41
4/10/18,61.46,58.85,59.6,57.93,58.91,59.24,70.16,115.53,136.88,159.06,183.06,186.07,186.37,179.5,194.32,197.9,194.91,181.78,152.15,139.76,119.74,96.82,70.99,65.92
5/10/18,62.46,61.03,60.44,58.88,62,59.87,73.63,115.81,146.81,170.63,182.21,175.54,179.31,180.81,180.16,178.71,162.66,151.53,132,129.82,111.83,85.94,64.54,61
6/10/18,58.46,59.54,56.44,58.96,56.85,59.44,64.71,72.19,92.19,86.15,84.75,89.66,90.75,92.19,91.19,90.18,88.16,82.72,56.22,73.4,71.34,64.76,60.94,60.52
7/10/18,57.94,56.48,57.55,55.94,55.97,57.81,59.25,48.72,49.22,54.75,53.62,59.19,57.28,56.75,59.19,58.22,58.22,56.71,54.86,67.84,66.34,65.75,61,60.97
8/10/18,58,59.03,56.97,57.47,55.91,56.87,74.18,124.56,148.29,176.34,195.85,194.53,193.59,190.25,183.66,178.66,178.28,150.81,125.66,122.19,113.9,92.93,63.6,60.06
9/10/18,59.5,57.16,55.06,56,55.53,56.41,69.15,111.17,124.62,147.34,151.69,161.93,176.91,176.13,181.56,182.1,178.46,165.51,124.93,123.13,109.65,87.44,62.18,59.17
10/10/18,54.59,54.46,53.2,53.52,52.97,54.91,66.16,101.65,107.79,137.96,155.78,166.63,182.78,181.38,170.37,175.71,176.07,170.25,148.24,146.26,116,87.4,61.76,58.62
11/10/18,56.03,55.56,56.56,55.51,55.09,55.85,72.15,103.56,137.75,156.1,160.87,174.78,169.63,162.25,165.87,169.5,163,155.47,145.78,146.35,115.16,85.68,59.72,54.47
12/10/18,55.52,54.6,53.47,53.53,53.51,52.77,67.26,94.93,124.68,155.98,157.06,163.29,165.18,163.68,160.42,163.9,157.38,137.93,116.15,108.85,103.91,80.74,59.57,57.06
13/10/18,55.47,55.56,54.03,54.56,54.95,52.94,64.31,65.28,78.43,88.69,77.28,76.78,79.22,80.72,81.69,83.31,82.72,79.78,54.91,66.84,65.4,66.38,56.97,57.1
14/10/18,55.03,53.5,53.55,53.57,54.44,55,56.72,45.31,46.81,47.22,48.16,48.28,50.69,49.75,51.78,51.75,52.18,49.75,51.32,64.4,64.91,63.75,57.12,55.44
15/10/18,53.53,53.04,53.47,52.99,54.03,53.94,69.06,116.1,124.75,139.56,157.57,162.96,178.9,171.79,176.94,182.16,177.65,170.72,148.16,142.09,118.66,88.74,63.54,61.62
16/10/18,59.01,57.06,55.9,56.12,54.98,55.37,69.22,110.91,127.46,154.1,162.59,171.09,180.26,177.96,183,190.72,180.09,178.2,135.46,125.56,118.66,87.69,68.12,63.54
17/10/18,62.56,59.96,60.6,60.44,59.53,59.85,70.68,107.78,121.22,148.12,164.87,177.92,190.93,182.94,174.31,178.56,172.85,170.68,155.75,140.76,120.9,92,67.53,61.45
18/10/18,56.99,58.56,57.6,56.03,57.5,57.37,68.07,107.75,131.18,151.26,169.62,175.94,171.37,170.22,172.28,170.19,167,150.97,128.12,133.04,108.65,86.91,63.72,61.43
19/10/18,55.47,54.47,54.5,55.06,54.5,55.35,66,103,125.31,149.81,160.06,167.29,170.06,167.27,168.13,168,158.01,134.99,114.25,108.04,100.46,82,62.16,58.97
20/10/18,57.12,56.48,55.46,55.5,56.97,55.91,62.81,65.78,78.66,78.22,82.69,84.22,84.21,84.19,84.75,82.69,80.25,83.22,54.03,66.34,65.18,64.29,59.59,59
21/10/18,55.51,54.49,54.53,52.38,56,54.37,57.85,47.22,47.18,50.72,51.69,54.16,53.68,55.75,54.66,55.25,53.16,52.72,54.05,65.78,65.66,67.97,61.41,60.03
22/10/18,57.5,56.47,57.53,55.97,55.94,54.71,74.66,125.5,144.82,159.71,179.51,187.55,194.38,193,190.84,188.19,193.85,175.96,133.06,127.66,117.37,92.91,66.59,62.98
23/10/18,58.97,58.09,56,56.53,55.88,56.84,68.49,122.86,135.02,155.44,161.32,170.99,177.7,172.06,183.18,183.04,172.24,160.85,141.53,141.72,128.93,90.81,64.07,63.12
24/10/18,59.57,57.03,55.43,55.6,55.53,57.31,66.44,107.9,117.98,138.74,154.09,170.1,182.87,176.88,174.41,181.85,174.18,166.96,140.94,134.41,118.47,95.22,63.72,58.93
25/10/18,55.6,54.56,54.06,54.63,53.97,54.87,66.57,107.24,132.57,155.81,174.01,177.02,173,168.85,178.97,178.02,169.67,164.4,146.06,140.19,120.4,101.22,68.06,59.98
26/10/18,57,55.49,55.63,54.44,53.94,53.83,68.07,105.44,132.06,155.28,166.63,172.78,175.18,173.85,170.94,158.69,150.87,138,112.84,105.85,99.93,81.85,60.59,57.54
27/10/18,56.02,54.44,54.97,54.1,57.43,54.25,63.97,66.28,82.28,93.91,101.56,94.59,87.41,87.44,88.4,86.91,87.37,83.91,56.26,72.09,68.43,68.1,59.72,56.68
28/10/18,55.73,55.62,55.66,54.65,55.72,55.5,57.47,49,48.38,49.97,49.84,51.84,53.44,53.41,52.81,54,53.41,52.37,53.9,67.41,68.03,67.62,62.19,59.69
29/10/18,58.16,56.18,56.16,56.29,55.12,57.09,71.66,121.91,142.18,155.81,157.57,168.28,177.03,178,174.56,175.29,166.37,151.9,138.66,138.28,119.31,88.91,70.97,64.84
30/10/18,60.81,59.38,57.75,58.94,58.84,59.22,72.34,120.28,138.07,157.65,163.73,175.49,182.85,181.75,179.52,182.6,183.69,168.71,140.57,129.59,117.44,95.53,68,63.34
31/10/18,59.31,59.42,57.81,58.28,58.4,58.72,69.88,109.47,126.96,147.91,155.41,171.81,185.94,183.28,175.03,173.31,180.1,161.69,142.34,128.4,115.6,85.47,62.12,59.04
1/11/18,54.99,54.41,53.5,56.16,54.94,54.27,66.16,108.94,142.06,157.97,165,180.66,172.71,167.57,166.84,166.44,158.97,152.56,140.15,145.13,128.82,100.93,62.13,60.43
2/11/18,59.09,56.45,57.59,55.03,55.47,57.97,67.56,101,124.56,147.1,157.43,162.82,165.18,168.34,164.48,160.99,151.57,130.75,105.25,101.91,94.84,79.5,59.06,55.1
3/11/18,53.43,53.59,52.91,51.47,54.57,52.96,61.81,62.81,73.75,74.75,75.19,77.72,77.72,80.75,79.75,82.19,80.72,75.25,53.69,64.4,59.22,62.5,55.5,54.09
4/11/18,52.98,51.56,50.99,51.6,51.47,51.87,54.32,42.28,44.25,45.19,47.25,48.21,50.25,51.22,52.28,50.66,51.78,50.28,51.62,66.42,65.34,63.87,58.59,57.48
5/11/18,55.56,54.97,54.02,52.44,53.54,53.87,66.47,109.87,133.13,155.59,168.07,174.72,175.4,176.54,171.09,173.71,169.35,151.84,131.94,133.85,121.8,96.94,63.98,61.65
6/11/18,63.09,59.41,56.44,57.93,56.79,56.68,69.56,86.44,78.16,81.28,79.72,86.28,84.72,84.75,86.59,92.75,85.16,83.81,82.19,90.37,88.94,77.41,60.75,61.43
7/11/18,60.88,62.5,56.75,58.41,58.9,57.69,71.4,106.23,118.74,132.81,157.82,171.62,184.2,182.74,170.32,175.53,173.99,175.23,147.72,144.9,113.56,91.54,63.02,59.6
8/11/18,57.97,57.49,57.67,56.09,56.02,57.94,67.01,103.49,132.92,148.68,159.65,166.6,173.72,167.35,179.09,181.27,178.29,162.09,149.88,151.31,121.59,89.35,61.71,57.42
9/11/18,56.59,55.02,53.45,54,55.03,54.97,68.93,104.19,113.75,136.18,155.1,167.19,169.22,165.53,156.06,150.94,143.43,135.48,106.41,112.11,100.1,84.13,60.62,57.53
10/11/18,57.22,53.56,54.22,52.69,53.56,54,61.97,72.82,86.06,102.94,97.25,98.25,94.03,102.75,97.81,99.87,104.13,107.66,62.09,64.94,62.87,62.9,54.47,54.51
11/11/18,53.62,52.09,51.56,51.41,51.13,52.24,54.94,44.79,45.18,46.78,48.22,49.69,49.72,48.19,47.75,50.09,48.63,48.15,52.13,63.18,64.75,62.26,56.87,55.44
12/11/18,54.9,51.87,52.92,51.43,51.75,52.91,68.87,104.66,121.19,131.9,164.91,173.35,173.77,169.44,172.28,172.81,176.26,144.52,124.13,124.03,113.88,91.53,63.5,62.03
13/11/18,59.07,57.99,56.59,58.1,56,57.88,69.08,109.42,130.12,148.03,162.44,165.81,163.57,159.46,174.51,177.21,168.56,159.01,136.37,135.25,111.19,89.63,63.8,58.19
14/11/18,56.66,55.68,53.7,55.21,54.62,55.63,66.69,103.65,117.34,141.73,153.34,158.35,184.4,169.44,162.88,169.83,177.35,163.31,151.5,145.07,117.09,87.5,63.28,58.53
15/11/18,57.6,55.56,54.97,55.62,54.04,57.96,67.5,108.57,127.53,141.93,145.35,165.5,150.27,154.14,157.71,157.04,159.37,156.06,142.63,141.75,121.68,93.1,67.25,60.25
16/11/18,59.19,57.71,58.16,58.78,57.69,58.03,69.28,100.03,125.97,137.75,151.78,150.94,162.18,165.67,171.8,167.17,146.77,125.34,95.13,107.38,99.38,82.62,62.03,57.5
17/11/18,56.06,55.15,54.54,53.47,53.97,55.47,63.87,62.79,76.78,71.81,72.22,76.75,76.22,79.31,77.66,81.84,79.75,77.78,53.74,65.95,63.78,64.9,57.04,56.56
18/11/18,53.12,53.06,52.06,52.97,53.57,52.41,54.84,47.81,46.28,43.72,44.25,47.28,46.25,48.25,49.25,49.28,49.72,49.75,48.25,63.41,63.9,61.44,58.12,55.04
19/11/18,55.03,55.03,53.03,52.59,54.06,53.88,71.1,105.21,109.81,119.38,135.25,150.26,136.08,131.31,137.29,138.28,136.82,129.43,106.84,103.88,106.56,83.41,60.52,60.76
20/11/18,59.03,56.44,59.18,56.6,57.56,57.79,68.61,97.45,99.81,118.59,138.28,136.44,139.03,131.66,136.41,146,141.96,136.97,106.75,112.5,106.38,85.44,62.15,59
21/11/18,59.06,57.59,56.07,54.62,53.44,54.47,66.59,98.5,104.54,121.81,128.71,129.13,128.31,127.85,134.28,136.43,130.85,119.68,96.69,101.1,97.44,80.03,59.03,59.16
22/11/18,56.15,55.53,55.1,53.93,54.37,54.32,69.09,86.32,91.15,109.23,120.18,124.59,124.88,124.91,125.33,129.2,119.84,114.88,98.25,99.09,94.4,79.57,58.62,56.04
23/11/18,54.05,54.6,54.06,51.97,52.5,55.47,63.5,87.56,92.35,109.31,117.88,123.77,127.31,124.38,128.75,128.35,124.87,109.75,90.66,101.65,94.91,82,58.62,54.53
24/11/18,53.16,52.5,51.03,52.66,51.94,51.93,60.85,64.82,80.75,80.21,80.72,84.75,85.66,86.28,88.69,87.25,84.25,81.25,56.52,68.5,66.94,65.28,59.06,55.1
25/11/18,51,51.6,52.09,52.06,51.04,51.46,54.28,42.81,44.79,43.71,46.29,48.68,49.28,48.72,48.69,52.28,52.22,52.19,50.75,63.9,64.88,64.38,58.59,57.06
26/11/18,54.06,54.09,52,54.13,51.4,53.32,68.91,104.09,112.35,120.65,130.15,139.7,138.71,138.19,140.19,130.59,128.72,121.68,101.63,106.41,103.28,85.85,62.43,56.34
27/11/18,55.88,51.78,56.01,53.9,53.37,54.69,66.41,94.56,95.28,103.13,113.15,116.57,120.24,116.07,127.12,120.15,120.57,113.19,102.09,107.28,102.75,87.37,59.42,55.37
28/11/18,55.4,52.88,53,52.37,52.88,52.29,66.33,94.45,98.62,111.18,119.7,118.52,118.32,114.12,122.19,124.22,122.06,111.62,97,102.94,97.22,82.82,58.46,57.87
29/11/18,52.85,53,51.38,53.4,50.78,52.78,64.91,89.22,90.28,103.76,115.8,118.72,118.76,116.8,120.23,123.74,125.75,116.29,100.65,107.44,100.34,83.97,58.4,55.36
30/11/18,56.37,52.97,53.4,54.81,53.41,53.69,64.81,94.97,93.19,104.19,112.58,122.32,118.69,115.69,120.15,124.72,120.16,111.15,94.13,99.96,95.82,78.85,57.43,54.34
1/12/18,54.38,53.43,52.92,52.81,52.93,53.78,63.16,63.66,77.06,77.13,81.62,81.06,84.07,84.59,85.06,82.6,80.56,77.59,55.18,62.2,64.34,61.28,56.9,54.38
2/12/18,51.88,52.9,51.81,52.04,52.87,52.72,55.22,44.13,44.09,46.1,48.62,48.13,48.09,49.09,50.1,50.09,50.19,49.09,49.09,63.72,63.28,61.72,55.88,55.46
3/12/18,52.38,51.37,50.91,51.91,51.4,51.75,67.91,103.19,113.03,125.88,128.77,125.25,125.38,122.78,138.53,139.94,139.62,127.57,103.78,109.97,101,78.9,56.97,53.78
4/12/18,52.94,52.38,52.43,50.91,52.87,51.79,64.93,89.29,91.71,102.03,112.16,121.12,117.63,118.16,123.05,129.17,131.46,120.75,103.23,104.24,98.75,84.78,58.47,58.44
5/12/18,53.85,51.9,54.44,51.37,53.37,52.2,64.28,91.84,91.25,104.28,115.28,119.79,118.74,115.69,125.19,126.28,121.79,109.34,97.65,100.88,94.46,78.29,57.4,56.97
6/12/18,53.94,53.47,53.53,51.91,53.37,53.82,64.43,87.44,89.9,98.09,110.39,116.05,112.91,109.44,114.81,117.51,115.46,107.31,96.51,98.49,100.13,79.59,63.62,60.04
7/12/18,56.09,51.03,54.13,53.09,52.03,53.97,66.03,85.79,87.9,98.84,108.51,113.9,113,107.41,113.34,115.47,111.47,100.34,88.88,98.68,97.6,77.56,57.59,57.6
8/12/18,52.56,53.59,52.04,53.06,52.53,53.53,62.47,63.25,73.72,72.28,75.75,76.75,77.75,74.25,73.78,76.28,72.85,72.34,52.15,65.48,65.02,63.91,57.47,56.62
9/12/18,53.51,52.18,53.07,52.03,53.53,54.62,55.29,43.81,44.78,44.75,45.72,47.78,47.75,46.69,50.28,48.25,52.78,49.22,49.71,62.32,62.75,61.31,54.88,54.99
10/12/18,51.38,51.94,50.9,51.5,50.88,52.78,70.88,107.59,110.47,113.72,119.15,121.79,119.28,113.71,120.44,118.63,117.31,110.84,96.79,99.52,95.47,79.38,60.19,55.06
11/12/18,53.03,51.46,54.14,53.11,51.98,53.43,66.13,94.25,90.44,100.4,109.85,114.06,114.97,107.41,116.02,117.94,115,111.94,95.43,92.98,99.34,78.54,61.71,54.51
12/12/18,53.62,54.05,52.13,51,54.06,52.85,66.19,83.25,87.44,98.84,104.44,113.9,112.94,112.94,119.37,118.66,113.47,103.43,87.98,98.59,94.62,76.51,61.18,55.57
13/12/18,54.06,51.52,54.64,52.99,52.06,53.47,67.13,81.56,83.96,95.01,99.37,103.51,103.05,99.92,104.46,106.87,105.98,99.93,83.84,88.01,83.63,75.49,59.69,55.47
14/12/18,55.12,53.47,54.1,53.65,53,54.93,65.63,81.66,83.72,97.9,96.88,102.35,96.33,94.42,98.65,103.46,96.79,91.43,76.32,86.09,83.04,74.55,57.07,55.03
15/12/18,52.66,51.06,51.09,52.04,53.09,51.47,60.84,60.81,70.78,65.25,70.28,67.72,72.28,69.78,70.32,70.25,70.78,67.72,49.4,62.48,61.96,63.54,54.53,55.62
16/12/18,52.1,50,53.22,48.99,52.13,52.03,52.31,45.38,43.75,42.81,44.78,45.28,45.75,45.79,46.31,47.72,47.78,44.75,47.74,61.54,60.96,61.95,56.15,57.46
17/12/18,53.7,52.43,51.22,51.59,50.53,50.38,69.16,100.82,99.12,101.31,105.38,105.81,108.3,102.92,108.31,108.91,106.75,100.4,83.38,92.46,89.04,76.53,59.56,55.09
18/12/18,54.1,51.56,53.53,54.07,52.02,54,63.47,92.72,85.81,94.91,104.28,99.65,103.54,98.18,107.82,104.4,102.78,93.29,83.75,89.6,88.52,77.53,57.62,56.51
19/12/18,52.12,51.97,52.1,53.09,52.03,52.9,63.01,90.28,87.57,93.34,98.9,102.5,102.41,96.93,101.85,105.94,103.37,99.41,80.31,90.57,85.96,76.56,56.53,56.6
20/12/18,52.62,54.57,51.62,53.69,53,52.94,65.56,90.68,87.51,92.43,100.47,106.38,102.93,105.97,105.41,111.85,107.93,104.9,83.85,86.06,85.48,73,55.62,52.53
21/12/18,52.57,50.55,52.23,52.02,51.56,51.41,65.66,90.5,84.84,90.79,93.87,92.66,96.5,88.3,94.7,96.43,96.32,87.71,74.32,85.62,79.94,75,56.09,53.54
22/12/18,51.43,52.19,52,51.53,51.41,53,59.44,63.75,73.28,70.75,71.28,71.75,70.69,73.28,73.75,73.72,73.78,68.28,45.78,57.81,61.53,57.94,53.5,51.06
23/12/18,50.97,49.43,50.6,50.09,48.97,49.88,54.44,42.28,42.78,44.72,43.72,44.78,46.19,45.25,46.78,46.28,45.25,44.75,47.12,59.44,60.94,58.31,55.63,52.59
24/12/18,50.43,50.6,51,50.65,50.51,50.93,67.6,106.21,108.35,100.84,102.37,101.23,100.87,91.29,87.31,87.27,85.26,83.25,73.19,87.62,82.94,71.44,53.05,55.63
25/12/18,52.03,51.1,50.56,52.12,50.91,52.03,63.5,84.53,71.79,70.18,69.22,69.78,69.19,70.72,76.75,73.75,73.78,71.75,72.12,82.32,83.03,68.69,54.69,50.49
26/12/18,52.97,50.6,50,52.19,50.56,51.46,63.63,93.72,88.85,92.52,92.38,95.44,95.87,94.91,100.96,99.32,99.47,94.93,79.28,87.01,86.03,72.37,53.63,53.06
27/12/18,51.03,51.06,51.63,50.62,50.5,51.44,64.57,96.21,91.53,90.88,95.28,94.81,99.88,95.78,97.74,101.64,97.34,92.81,79.85,83.9,85,72.93,56.07,53.03
28/12/18,51.62,47.94,52.63,51.12,49.44,50.88,63.09,92.56,85.31,88.76,101.27,101.22,97.66,99.75,99.6,106.37,98.18,93.73,77.03,85.31,84.28,70.32,54.9,51.85
29/12/18,48.31,50.43,49.35,48.31,50.4,49.6,57.19,64.06,75.6,67.56,69.06,71.03,71.07,70.56,72.06,72.06,72.07,69.06,47.49,58.63,58.25,59.22,54.4,51.32
30/12/18,51.84,50.28,50.34,49.91,50.28,50.22,53.69,43.1,44.56,45.56,44.57,47.56,48.03,46.06,48,47.56,47.07,47.56,47.96,59.66,62.38,60.18,52.84,51.38
31/12/18,49.34,50.38,49.85,49.31,50.37,50.72,60.41,50.28,54.12,54.69,58.65,56.17,59.68,56.62,55.66,55.75,52.65,50.73,49.74,62.76,60.84,60.19,54.06,51.34